id;first_name;last_name;middle_name;prefered_name
1;Giovanna;Wiegand;GB Silver Administrator;Ball invoice Hawaii
2;Damion;Mills;Persevering;violet green Mouse
3;Macey;Schamberger;markets Turkish Lira;Granite
4;Nat;Spinka;incentivize New Jersey asymmetric;Trace deposit Island
5;Guillermo;Jones;Netherlands;Iraq Implementation Auto Loan Account
6;Santos;Swift;Avon Corporate Syrian Pound;next-generation Metal
7;D'angelo;Kuhic;Accounts Netherlands Antillian Guilder;Idaho Steel Lock
8;Destany;Parisian;auxiliary killer action-items;Dynamic
9;Emelia;Keebler;backing up;Profit-focused 3rd generation transmitter
10;Luisa;Gleichner;technologies Steel Towels;Producer Customer-focused maximize
