id;email;phone_number;image
1;Kelli.Balistreri39@gmail.com;distributed;National relationships
2;Thea.Aufderhar@gmail.com;Gibraltar Pound Fantastic;out-of-the-box
3;Elenor18@yahoo.com;Forint Buckinghamshire;bypass hack time-frame
4;Mack_Schuster96@gmail.com;Supervisor connect;Metal Sausages
5;Elijah_Nikolaus52@gmail.com;Towels Florida;interactive override monetize
6;Unique.Ritchie@yahoo.com;SMTP Paradigm United States of America;Central
7;Lelia55@gmail.com;eyeballs;green invoice Gorgeous
8;Leif.Luettgen@hotmail.com;wireless;Via Road
9;Xzavier63@hotmail.com;payment leverage;Analyst bypass Frozen
10;Yvette60@gmail.com;Ergonomic Frozen Soap compress Gorgeous;synergies channels Tanzanian Shilling
